{"cameraMode":{"drawMode":0,"name":"Shaded","section":"Shading Mode"},"sceneLighting":false,"audioPlay":false,"sceneViewState":{"m_AlwaysRefresh":false,"showFog":true,"showSkybox":false,"showFlares":true,"showImageEffects":true,"showParticleSystems":true,"showVisualEffectGraphs":true,"m_FxEnabled":true},"in2DMode":false,"pivot":{"x":23.134172439575197,"y":1.700063943862915,"z":32.238121032714847},"rotation":{"x":-0.005582914222031832,"y":-0.9568833708763123,"z":0.290043443441391,"w":-0.01838047057390213},"size":1.1205426454544068,"orthographic":false}