{"cameraMode":{"drawMode":0,"name":"Shaded","section":"Shading Mode"},"sceneLighting":false,"audioPlay":false,"sceneViewState":{"m_AlwaysRefresh":false,"showFog":true,"showSkybox":false,"showFlares":true,"showImageEffects":true,"showParticleSystems":true,"showVisualEffectGraphs":true,"m_FxEnabled":true},"in2DMode":false,"pivot":{"x":-18.821590423583986,"y":15.899271011352539,"z":5.762237548828125},"rotation":{"x":0.14428283274173737,"y":0.03858161345124245,"z":-0.005629230756312609,"w":0.988773763179779},"size":24.306303024291993,"orthographic":false}