{"cameraMode":{"drawMode":0,"name":"Shaded","section":"Shading Mode"},"sceneLighting":false,"audioPlay":false,"sceneViewState":{"m_AlwaysRefresh":false,"showFog":true,"showSkybox":false,"showFlares":true,"showImageEffects":true,"showParticleSystems":true,"showVisualEffectGraphs":true,"m_FxEnabled":true},"in2DMode":false,"pivot":{"x":1.8013381958007813,"y":15.521583557128907,"z":2.029038429260254},"rotation":{"x":0.286319375038147,"y":-0.010060192085802555,"z":0.003006622428074479,"w":0.9580814838409424},"size":32.50992965698242,"orthographic":false}