{"cameraMode":{"drawMode":0,"name":"Shaded","section":"Shading Mode"},"sceneLighting":false,"audioPlay":false,"sceneViewState":{"m_AlwaysRefresh":false,"showFog":false,"showSkybox":false,"showFlares":false,"showImageEffects":false,"showParticleSystems":false,"showVisualEffectGraphs":true,"m_FxEnabled":true},"in2DMode":false,"pivot":{"x":0.255646288394928,"y":0.836237907409668,"z":0.3670223355293274},"rotation":{"x":0.0006818093243055046,"y":0.989858865737915,"z":-0.14201733469963075,"w":0.004747167695313692},"size":1.5528342723846436,"orthographic":false}