{"cameraMode":{"drawMode":0,"name":"Shaded","section":"Shading Mode"},"sceneLighting":false,"audioPlay":false,"sceneViewState":{"m_AlwaysRefresh":false,"showFog":true,"showSkybox":false,"showFlares":true,"showImageEffects":true,"showParticleSystems":true,"showVisualEffectGraphs":true,"m_FxEnabled":true},"in2DMode":false,"pivot":{"x":-0.02799224853515625,"y":16.606834411621095,"z":-0.062453269958496097},"rotation":{"x":0.286319375038147,"y":-0.010060192085802555,"z":0.003006622428074479,"w":0.9580814838409424},"size":23.18273162841797,"orthographic":false}