{"cameraMode":{"drawMode":0,"name":"Shaded","section":"Shading Mode"},"sceneLighting":false,"audioPlay":false,"sceneViewState":{"m_AlwaysRefresh":false,"showFog":true,"showSkybox":false,"showFlares":true,"showImageEffects":true,"showParticleSystems":true,"showVisualEffectGraphs":true,"m_FxEnabled":true},"in2DMode":false,"pivot":{"x":13.376697540283204,"y":11.037532806396485,"z":-8.22515869140625},"rotation":{"x":0.20274129509925843,"y":0.26779717206954958,"z":-0.05775035172700882,"w":0.9401355981826782},"size":24.392990112304689,"orthographic":false}