{"cameraMode":{"drawMode":0,"name":"Shaded","section":"Shading Mode"},"sceneLighting":false,"audioPlay":false,"sceneViewState":{"m_AlwaysRefresh":false,"showFog":true,"showSkybox":false,"showFlares":true,"showImageEffects":true,"showParticleSystems":true,"showVisualEffectGraphs":true,"m_FxEnabled":true},"in2DMode":false,"pivot":{"x":-0.29975318908691409,"y":5.765103340148926,"z":-0.4525566101074219},"rotation":{"x":0.286319375038147,"y":-0.010060192085802555,"z":0.003006622428074479,"w":0.9580814838409424},"size":16.263160705566408,"orthographic":false}