{"cameraMode":{"drawMode":0,"name":"Shaded","section":"Shading Mode"},"sceneLighting":false,"audioPlay":false,"sceneViewState":{"m_AlwaysRefresh":false,"showFog":false,"showSkybox":false,"showFlares":false,"showImageEffects":false,"showParticleSystems":false,"showVisualEffectGraphs":true,"m_FxEnabled":true},"in2DMode":false,"pivot":{"x":0.08072219789028168,"y":0.14310035109519959,"z":0.603785514831543},"rotation":{"x":-0.05604872107505798,"y":0.9296794533729553,"z":-0.15910771489143372,"w":-0.32750773429870608},"size":0.4898534119129181,"orthographic":false}